student_id,accuracy,avg_response_time,hesitation_rate,engagement_score,hint_usage,learner_type
1,0.49963209507789,14.566910852355413,0.18513292883861965,0.6152654281089744,0.26170568373590597,Developing
2,0.960571445127933,11.649734594194166,0.5419009473783581,0.5833455021037848,0.24697879907199982,Independent Mastery
3,0.7855951534491241,7.5714970931539,0.8729458358764083,0.22051365264514855,0.9062545805210367,Needs Support
4,0.6789267873576292,16.648310354725076,0.7322248864095612,0.4729982621009251,0.2495461998495061,Competent
5,0.3248149123539492,14.325161105969826,0.8065611478614497,0.5041564950286856,0.271949726128631,Needs Support
6,0.32479561626896214,4.927104908208044,0.6587833667107174,0.5190582247175204,0.7593982624179637,Needs Support
7,0.24646688973455957,18.396689320889166,0.6922765645178525,0.6641378953818659,0.44973984245054,Needs Support
8,0.8929409166199482,16.805670372617044,0.8491956515653193,0.6268820373815027,0.7767105569551812,Needs Support
9,0.6808920093945671,19.09639843925463,0.24966800885918594,0.6863240742347557,0.06536615756438524,Competent
10,0.7664580622368364,15.062951150990479,0.4894249636431405,0.8119066092337026,0.4875711936733843,Competent
11,0.21646759543664196,13.041473526844218,0.22120944181960223,0.8503885909728748,0.03361360018328263,Needs Support
12,0.9759278817295955,9.52837465323114,0.987668007996647,0.7744984609811956,0.06265320345535452,Independent Mastery
13,0.8659541126403374,18.78911270037224,0.9440593396866133,0.9644189567639478,0.906437453344411,Needs Support
14,0.36987128854262097,17.589150011007348,0.0394268113685059,0.21458606614108933,0.13924537111759516,Needs Support
15,0.3454599737656805,2.8139360619114093,0.7055751725156885,0.3566223885468369,0.5324206822752171,Needs Support
16,0.34672360788274703,2.4746055409505363,0.9252483174156658,0.2060502999825137,0.41109560260070654,Needs Support
17,0.4433937943676302,8.776340603804893,0.18057534512733353,0.7179797713236824,0.3473433262588427,Needs Support
18,0.6198051453057902,16.58995995407299,0.5679452305526295,0.9184244391599896,0.8998333456872725,Needs Support
19,0.5455560149136927,19.770970327669,0.9154882975880418,0.39478583726103944,0.0218233967754895,Developing
20,0.43298331215843355,4.707504039863507,0.03394597858579884,0.9416276358370455,0.6637896861755891,Needs Support
21,0.6894823157779035,12.694352876338431,0.6974202672468399,0.24821391223164868,0.9633944342135504,Needs Support
22,0.3115950885216335,8.856035419358388,0.29734900737255077,0.9475488214444114,0.5601681834618419,Needs Support
23,0.43371571882817456,19.45845916066286,0.9243961953765304,0.48129814979170754,0.9368224620330918,Needs Support
24,0.4930894746349534,17.158140616442758,0.9710582451653678,0.2811366627593732,0.05225787928602377,Developing
25,0.5648559873736287,17.08991668480048,0.9442664891134339,0.5886974073490605,0.4187933190741614,Developing
26,0.8281407691144109,10.436476876309465,0.47421421665746377,0.4054212541764064,0.26015779096205116,Independent Mastery
27,0.3597390257266878,9.466751042077973,0.8620426509893134,0.4278983215695383,0.7308209649807298,Needs Support
28,0.6113875507308892,6.921327294752713,0.8445493985350704,0.4458319719410293,0.9812970904972467,Needs Support
29,0.6739316550896339,3.014758939716688,0.31910047324325563,0.8424207182661307,0.2565300624442478,Competent
30,0.2371603301759982,17.565002772590958,0.8289154741506773,0.6313290213402036,0.6541746014740745,Needs Support
31,0.6860358815211507,16.632218164341396,0.03700763471549262,0.44904615932480296,0.19809763275974013,Competent
32,0.33641929894983325,19.994918119150352,0.596269878482053,0.6882670266487347,0.5653302545716099,Needs Support
33,0.25204127438822366,19.939463067330298,0.23000883728770305,0.772920539378555,0.4639324866883362,Needs Support
34,0.9591084298026666,11.997770700847294,0.12056688577727881,0.41809920058682704,0.9720053296315371,Needs Support
35,0.9725056264596474,15.841773473249189,0.07695320162920916,0.5308392812202812,0.6085272726964666,Dependent Advanced
36,0.846717878493169,19.005783137883704,0.6962887758781398,0.29750887466955805,0.3495063720868188,Independent Mastery
37,0.4436910153386966,17.293653032193404,0.33987496376806614,0.3449194796277443,0.11409578488793337,Needs Support
38,0.2781376912051071,6.452265831377558,0.7247667715287615,0.7448942831719862,0.15124682873493456,Needs Support
39,0.7473864212097256,10.109794435581684,0.06535634079894237,0.3451506781565016,0.2253169299512351,Competent
40,0.5521219949916811,4.32486947272691,0.31529033783061033,0.6201307069336481,0.250966661340298,Developing
41,0.2976305878758231,19.172918490657004,0.5394912923753372,0.7672370093779461,0.8506160578411378,Needs Support
42,0.5961415280890161,12.911143420115842,0.7907231648389635,0.28550153847579507,0.5612227882825249,Developing
43,0.22751081689217473,6.115570499062329,0.3187525029320699,0.6538497757031229,0.5233909113743664,Needs Support
44,0.9274563216630256,14.090612319305421,0.6258913764370091,0.40525022696109103,0.11476887186921747,Independent Mastery
45,0.40702398528001354,13.126308328242125,0.8859777482361871,0.9703415001900639,0.860139693349435,Needs Support
46,0.7300178274831857,8.446928924591129,0.6158631881823046,0.5868365173759398,0.7228143032084837,Needs Support
47,0.4493688608715288,4.044036659593322,0.23295947475363377,0.8447940398201266,0.06766836190000158,Needs Support
48,0.6160544169422486,14.088317520670392,0.02440078155653802,0.6401812337250095,0.7078350972297687,Needs Support
49,0.6373682234746237,11.36553861626828,0.8700988739009299,0.23473002628385534,0.5435382173426461,Developing
50,0.3478835644204217,15.901731051241509,0.021269410850387138,0.7065211004752179,0.08172534574677826,Needs Support
51,0.9756677022116469,11.36294302001588,0.8747016726841994,0.9611226737653256,0.45830064152865646,Dependent Advanced
52,0.8201062586888916,17.339267005733724,0.528937134027212,0.681289456117065,0.484696287130047,Dependent Advanced
53,0.9515991532513512,11.934323097940739,0.9390676985128962,0.8553510875414323,0.16577454016327575,Independent Mastery
54,0.915861880342119,12.096883487636953,0.7987832357736654,0.9073651706787262,0.9456981470002823,Needs Support
55,0.6783199830488682,17.77976484785021,0.9979341105333375,0.382463817559146,0.8499753714806619,Needs Support
56,0.9374993880184934,9.262691591823147,0.35071181545171015,0.3696358719265813,0.6690223373291083,Dependent Advanced
57,0.2707940016415356,4.412274112111533,0.7671882889311269,0.6887847910807934,0.4622955610006072,Needs Support
58,0.3567862899353162,2.5180881736401015,0.40193091360924216,0.5288227758453639,0.4117655415845085,Needs Support
59,0.23618183112843047,15.592470602125141,0.47987562030390885,0.8718890422933763,0.6509734671509542,Needs Support
60,0.4602642646106115,13.165571924362364,0.6275054632183701,0.920018498718409,0.5454318694069055,Developing
61,0.5109418317515857,14.673435825786024,0.8736771141863388,0.4827371034421745,0.062273105881885615,Developing
62,0.41707922541911674,5.833354907160393,0.9840834691992951,0.38949644717958565,0.5125026487703317,Needs Support
63,0.8629900073215435,4.454686560561855,0.7682734138645182,0.8244204121950895,0.8064036172328395,Needs Support
64,0.4854026613548714,2.261803982021875,0.41776678216733376,0.4198448284385089,0.45923987759695806,Developing
65,0.4247476077499046,8.310576058518745,0.4213570022770702,0.8580914548109428,0.05195657755426841,Needs Support
66,0.6341568665265989,12.618518363383396,0.7375823015888915,0.5389906029190104,0.7862781993840331,Needs Support
67,0.31273937997981016,9.060392811795182,0.23877714576830233,0.7340399194331764,0.2013637821359744,Needs Support
68,0.8417575846032317,9.874548596427124,0.11047411313139466,0.27642825106773455,0.2586208348880388,Independent Mastery
69,0.2596405149438167,18.27485650088747,0.35462215764077654,0.6990874597412584,0.1647063534322959,Needs Support
70,0.9895095492804138,8.268598406419407,0.28723899165408173,0.5614141429897833,0.33021506487149754,Independent Mastery
71,0.8177958154373259,11.251810804876595,0.2963081204559901,0.6692867705403793,0.756751505688635,Needs Support
72,0.35897254522733796,16.105754229340576,0.23360775104990994,0.33441136619589074,0.5193858595039373,Needs Support
73,0.20441769369888194,9.137770081782863,0.04209318963636188,0.7894989959553458,0.20488127415071256,Needs Support
74,0.8523691427638673,13.197560604101723,0.01787393473341381,0.8902376620345829,0.8778300781520408,Needs Support
75,0.7654858750780937,17.52254675744141,0.9877223897360315,0.37339184007262055,0.8795818549515292,Needs Support
76,0.7832057344327898,19.09137122583756,0.42777313373586234,0.2765716444161294,0.8705784250460069,Needs Support
77,0.8170162773487566,4.647322656722682,0.3843266471596817,0.21891086883706912,0.23879621138153928,Independent Mastery
78,0.2592357213872723,18.678577252906898,0.6796472826930698,0.7135772003546128,0.4512393441809881,Needs Support
79,0.48677258283541813,10.858093275431688,0.21825388786506417,0.6856752288710246,0.9849896561408751,Needs Support
80,0.2926952476201038,6.64839898938125,0.9499611839502253,0.637357930171256,0.7720124763099904,Needs Support
81,0.890482740700475,10.264443612288703,0.786345014415552,0.38555767689278037,0.027167421225559818,Independent Mastery
82,0.6986385014620464,19.640586355138588,0.08941100231225951,0.5127247967244117,0.06520459126049205,Competent
83,0.46471841988211937,10.867125691871653,0.41758077578492836,0.6755810681489385,0.46393137681233276,Developing
84,0.25084668022881895,7.917528985175148,0.8791183075621647,0.5974134870873355,0.9092202058615602,Needs Support
85,0.4487858573725298,13.401215377701064,0.9447320222914103,0.9902284161719099,0.5387017979527142,Needs Support
86,0.46014665762139767,6.3226211380074755,0.4674015112498697,0.3091518020453865,0.4978125080342902,Developing
87,0.7836849426704513,3.3655399059559503,0.6134113892107077,0.7561156432380751,0.10547369995663058,Competent
88,0.7100459770841705,4.319834994391686,0.16703394609207523,0.5234550144834338,0.656780104724294,Competent
89,0.9097701940610612,4.304825101239904,0.9911686261369765,0.5425596919404918,0.8221031606002255,Needs Support
90,0.5777719401295595,4.7342484832212985,0.2316717013834434,0.7740782125265411,0.38042000750756233,Developing
91,0.29567539675064136,4.498889107689383,0.9427317741351257,0.7539489210594958,0.7756118509253275,Needs Support
92,0.7705958297783961,13.535745406457863,0.6496466489923685,0.9930047949617506,0.9644766539008116,Needs Support
93,0.8086280388935181,5.273841519184607,0.6077367948788591,0.3027154315633002,0.2037664591276891,Independent Mastery
94,0.649021758055597,8.222011099829537,0.5126885110165086,0.2832877195073331,0.5233296311947413,Developing
95,0.8167737439636489,18.142191378308212,0.2306698117177587,0.779471053702993,0.28713795808457554,Independent Mastery
96,0.5950364770915126,10.531309524731702,0.17652803200550826,0.6627095336051273,0.7928544190338394,Needs Support
97,0.6181862635055952,14.016039293378489,0.22048620907017535,0.4193285332478447,0.5775933658811575,Developing
98,0.5420328146868397,5.101757681629337,0.18643826214425452,0.2635354951911893,0.6345824175503038,Developing
99,0.22033530139527616,5.461202338556074,0.7795844735667533,0.26852659967714443,0.7979141596158941,Needs Support
100,0.2863131415946436,2.7356350927966195,0.3501252591667301,0.9153526997312946,0.3959704726624549,Needs Support
101,0.22514334854938742,5.040831135298962,0.05784267656339637,0.35349385977499437,0.9150900684070432,Needs Support
102,0.7091283290110244,7.014626102575255,0.9691026301408113,0.45869724969241665,0.53302886724614,Competent
103,0.45148478486106136,5.186188716981443,0.8837858849634257,0.38132512178159045,0.157954822835348,Developing
104,0.6068565529317622,3.596645607627001,0.927752283195213,0.4839970446655499,0.6958991181688025,Developing
105,0.9260531791408744,4.171445679810814,0.9949078226464353,0.2555390741968747,0.7932613504382544,Needs Support
106,0.39943378331909996,10.294017824589064,0.1738952492194873,0.6152478327266163,0.31676167706752667,Needs Support
107,0.5283063384285038,5.714006931304265,0.39624201890265875,0.25409005087377196,0.857179256998753,Needs Support
108,0.804440910834439,8.556857498865359,0.7582384757040913,0.8402852062578894,0.9061432547657664,Needs Support
109,0.383038532393298,11.061510875387423,0.6960206180537922,0.38696966552834644,0.2769044873778089,Needs Support
110,0.2615839278630344,14.427106915328576,0.15389590633985506,0.6320095316836085,0.9835214727152221,Needs Support
111,0.43180116233101445,2.707618517139781,0.8158331249906178,0.9040632700491666,0.14071152804875842,Needs Support
112,0.32897702980320354,16.389387180362768,0.22444057183666066,0.7207018952377553,0.20201566840248997,Needs Support
113,0.9437581218740585,13.302207010836339,0.22381761482262308,0.6263662292410683,0.18422483923802613,Independent Mastery
114,0.8464963036515336,3.4716625750796943,0.5369744228934136,0.4594670024923005,0.8939897100078704,Needs Support
115,0.7067230052083389,17.724415233921988,0.5929399348417032,0.46640153044655835,0.6542925523249619,Competent
116,0.8971684721501743,18.575703209572637,0.5800862078378112,0.7355895641585521,0.15210428322227287,Independent Mastery
117,0.8429376615192916,3.0994032773875473,0.09148683739775487,0.9953114889769341,0.440323418368349,Dependent Advanced
118,0.3492560471088287,6.983797666649667,0.8774608626303804,0.7294713518795028,0.615298025069802,Needs Support
119,0.9140471987919823,16.511623036275104,0.26560004258870606,0.6462267338960199,0.08346408498938329,Independent Mastery
120,0.6314737935325205,15.468674426905851,0.12951492128280417,0.784520408191397,0.8824163684073387,Needs Support
121,0.84595212413125,5.321378348414791,0.8887480798689772,0.5721644898269745,0.8036035354415352,Needs Support
122,0.9168730399387945,5.768287820060785,0.9556514982297534,0.24811387408062818,0.5052067735766382,Dependent Advanced
123,0.4544027799774911,8.668497850244876,0.8621276172654506,0.6498374527023278,0.9671266152591704,Needs Support
124,0.2880415396221414,10.721413733438384,0.8095160747248781,0.9661002276043043,0.4177609792750997,Needs Support
125,0.3823481300335534,13.128585887545327,0.6552419806390217,0.3402423538861277,0.9841103190364978,Needs Support
126,0.5416862309010051,8.640445512255903,0.5508573706091393,0.7520039126565325,0.6679199988036271,Developing
127,0.8544118127379945,10.325624890396663,0.08698675991141014,0.3607469509272452,0.6346712732539415,Dependent Advanced
128,0.8885844666050748,15.454476886407617,0.4084532130706987,0.6286621475784651,0.165954895295785,Independent Mastery
129,0.20556170442495258,2.660297652030762,0.372688517012314,0.2773411597173757,0.881927758304644,Needs Support
130,0.6085978420620526,6.543864998192373,0.2597537837603262,0.5602967490065481,0.42748968792061515,Developing
131,0.5339288025190232,14.840292545921944,0.7234201136885849,0.804930663116197,0.16223340578247936,Developing
132,0.3776862483765842,18.11372307836959,0.4958757350787708,0.4780572193911857,0.01260751997575904,Needs Support
133,0.29589229386694627,11.210193958081991,0.08104621590764793,0.7319293795897746,0.5597556836383826,Needs Support
134,0.4700921371229024,11.578042734775682,0.22018320194981134,0.8363599686317833,0.5273996221226763,Developing
135,0.9543277631300153,3.929096204115969,0.6832587636595959,0.9417422555835622,0.7193536223691586,Needs Support
136,0.4585623456166042,10.053422602822184,0.07613085949030018,0.38771366548436287,0.8902580530178021,Needs Support
137,0.6150324973946929,11.587110796190418,0.8512069140487687,0.5194527326474465,0.07940658464302952,Developing
138,0.7624151671161423,6.3644690654251335,0.4951465270139743,0.321932810664334,0.7314964903403623,Needs Support
139,0.4909036819034352,6.846378157088857,0.480586577326648,0.9939868017267002,0.18741194409758222,Developing
140,0.9774256661767686,8.791114935883208,0.5924077846595176,0.9416007743394363,0.858177053157164,Needs Support
141,0.9699578359536891,2.3612815599990746,0.8246809659251492,0.6319657042244478,0.8190635138616561,Needs Support
142,0.40142583666029136,7.797424980497209,0.34780920790219305,0.8736266355011371,0.5407937549855444,Needs Support
143,0.5977988047139084,5.806064125937803,0.6780161525590636,0.6167663818176338,0.7102427986233115,Needs Support
144,0.44070264785341573,7.894952339202463,0.5657319639957911,0.6988685504022079,0.3143501131837484,Needs Support
145,0.4278723955019741,4.155718372746522,0.2670282701694213,0.27129954569281334,0.47116789893281463,Needs Support
146,0.22950955788362626,18.02949105331811,0.878629986355158,0.8042163363974464,0.8216368977104717,Needs Support
147,0.6876514671839176,12.684664163972876,0.7974260216069281,0.3021707869081879,0.4592651971732139,Competent
148,0.6021432185830893,14.223841744600813,0.6584518346584255,0.8608541042020228,0.3577982653254418,Developing
149,0.2411830009999915,16.20508229493209,0.8505817290942419,0.8256224701363089,0.4942124472502999,Needs Support
150,0.4229171713892892,10.97195958072303,0.8672942009598024,0.7669957581943811,0.8282492524372184,Needs Support
151,0.9266127087733229,3.5645651855736267,0.7083629767150348,0.22892830441980971,0.33520804737087273,Independent Mastery
152,0.39164951253357794,11.66791775273386,0.837013328363672,0.4425026847562629,0.1737615931357438,Needs Support
153,0.3159158976729785,12.563140124375824,0.6974714616692836,0.4104900559286743,0.7120140203307808,Needs Support
154,0.5915622082220504,15.41791053531794,0.6801407717603004,0.4881091259772153,0.8259782127080818,Needs Support
155,0.9885203632884807,9.769871832134228,0.6186113782151843,0.27011419741107084,0.10063747852353333,Independent Mastery
156,0.39364421720920034,4.296445450320148,0.7527166395576412,0.9495662584248503,0.23987411275594472,Needs Support
157,0.737708437924703,7.10796630437704,0.1586051052930737,0.643041792569901,0.1419719897609939,Competent
158,0.8092956922629742,8.535481335175431,0.8808707591989284,0.44441944852641885,0.3479414115821666,Independent Mastery
159,0.39011003519391974,13.626510343968821,0.871843527745232,0.5175852136594268,0.45035097890541265,Needs Support
160,0.7825730788894878,12.274009484040414,0.029247283034559146,0.5577620324038686,0.7488263369633065,Needs Support
161,0.4942265061754026,8.409741066161232,0.8258167505647627,0.6804754666884938,0.6511475848816741,Developing
162,0.7058446644748637,19.757274478273633,0.1288698674734452,0.6125435421571983,0.6209285674784312,Competent
163,0.7068237686087158,12.90394674842397,0.3351188542591419,0.9355135785715338,0.3523749466096544,Competent
164,0.6286197472598067,6.270082251247901,0.7435082562916078,0.5975707863246642,0.8414475530847599,Needs Support
165,0.27223181604352664,3.8320845071672673,0.1607598960483082,0.9937264118586502,0.47128716739816456,Needs Support
166,0.8682419964713903,4.751464505317976,0.8179670241190622,0.8811399661960766,0.9791049380151545,Needs Support
167,0.4566240519773887,6.427239110921146,0.8321341779577419,0.3668084114858687,0.6341421382957368,Developing
168,0.3492148083198834,4.892264718672002,0.5074677337608362,0.9444761717151331,0.12626474156450274,Needs Support
169,0.23262011324381116,5.358206432923504,0.00638587171683358,0.2930931183083809,0.676177562075434,Needs Support
170,0.6727143545505935,7.131713036489248,0.2870381331749128,0.8539597667929533,0.325104015431699,Competent
171,0.7420514894738259,5.120724715305586,0.6169269183757422,0.5044986347812641,0.6863271966860974,Competent
172,0.21327026314228492,18.141777643275653,0.9811861780274235,0.9023794563560557,0.06964114816240574,Needs Support
173,0.6096744466394248,3.4442074219095598,0.6318135270166684,0.8944453520859603,0.1748814371759594,Developing
174,0.3811966201583504,11.441205012264584,0.2598035810641598,0.844740320094097,0.8557372589057863,Needs Support
175,0.71613823232756,9.387142885813908,0.6340057030996114,0.8320243490456491,0.2271795570235149,Competent
176,0.33949314320399315,19.682815104354916,0.5399853797158555,0.44374331127843264,0.83704112524294,Needs Support
177,0.7527501904819729,4.016700239024942,0.7798453951511436,0.2647354264410018,0.27927608845441043,Competent
178,0.5093882770404299,9.16140078282335,0.10698063882695841,0.5223841430121292,0.6428819100587077,Developing
179,0.9493839909893877,19.45046779895664,0.761027902502028,0.33881961198920696,0.694150573509831,Dependent Advanced
180,0.3100167553167946,17.579128266091644,0.5412665786761103,0.7559608711219694,0.5126547531450529,Needs Support
181,0.47285308084020683,16.707297277087036,0.9629920038589946,0.47687978123022845,0.3053106766967313,Developing
182,0.29077881699247127,6.642250886808917,0.3418721660386861,0.9804881606879319,0.21264437637109612,Needs Support
183,0.9397548946228502,5.075976573021185,0.6326218931339481,0.7127776618762656,0.03318935456242622,Independent Mastery
184,0.9018714827047849,14.035577958639758,0.9320281055100175,0.8579844509074888,0.3039464012407238,Independent Mastery
185,0.4063533021721245,18.728767804296545,0.10250972799067926,0.3060197381934788,0.653162790531283,Needs Support
186,0.7279872368273432,12.021732074250735,0.9372284872364511,0.8896115858180982,0.9383048184484827,Needs Support
187,0.8537777601609726,12.289028410458197,0.6878857223008134,0.9382057524107155,0.871204482263052,Needs Support
188,0.64416064927957,7.039623685885115,0.0678370591051719,0.5896495350551487,0.7660647765353026,Needs Support
189,0.6237204626848052,15.850872797454864,0.30096356694681625,0.685002350200782,0.7884473432532987,Needs Support
190,0.39348183272036136,5.366787474035421,0.7081720886452816,0.8118478407223964,0.6649849034759953,Needs Support
191,0.2744822142447194,7.826226255276386,0.0673506014687717,0.33987090180833,0.260286857566003,Needs Support
192,0.9177726063626614,9.657855895095501,0.5821704601762733,0.602052861170754,0.9071950307058299,Needs Support
193,0.9203344457306644,11.13698681632019,0.34588305695295674,0.5189304222178506,0.670732311905834,Dependent Advanced
194,0.7064811658186143,6.363375183471444,0.6209155177674771,0.31709919372979933,0.56044063098044,Competent
195,0.4712238328389606,4.067062845305664,0.04574203381251285,0.49402753783322517,0.11098946921348107,Developing
196,0.47936765969012873,12.991160763949386,0.8715368061523763,0.25453784750839487,0.4470555438064254,Developing
197,0.7807645430961916,7.195349958324604,0.9734889691773969,0.2206495255595896,0.4603582712019263,Competent
198,0.9176882079620616,12.462287985607022,0.9688778552856915,0.3081330313238582,0.86456360952267,Needs Support
199,0.9096691394120939,4.778528874935642,0.7496518317429247,0.9704920892713391,0.5466482201877885,Dependent Advanced
200,0.8239004366860991,10.660521833386715,0.13008624013063197,0.6396236287160135,0.38040054897040965,Independent Mastery
201,0.7136253169234303,11.586609785928545,0.7582631959290226,0.972657728922576,0.9768003285106593,Needs Support
202,0.26731197199603907,2.9328236628036843,0.02458691645880151,0.5459983026641055,0.11072059332631567,Needs Support
203,0.329302971275691,8.05887700749057,0.022123551528997254,0.4494529064682077,0.4225484283119446,Needs Support
204,0.9188433508216634,4.419464184901536,0.32361021914954125,0.6049134902721953,0.04202467517140529,Independent Mastery
205,0.685143247727672,3.1407494685098194,0.48864319040466575,0.5516093509063281,0.7399041207669304,Needs Support
206,0.20735764129330372,19.819284183019015,0.7704074178077932,0.28453174740939513,0.9180765521991506,Needs Support
207,0.2811772342928257,7.802369209545013,0.6832953766065052,0.712661051752165,0.28003732955048943,Needs Support
208,0.7308014152864446,16.577740025383427,0.44590270637674834,0.37283054600767973,0.8583416767991209,Needs Support
209,0.20404926707697496,6.583531785747749,0.2736266662816659,0.6956703639182638,0.29221823046189777,Needs Support
210,0.32864644113399893,14.267049000030728,0.9971245001577111,0.7201608739185228,0.9107701616439152,Needs Support
211,0.6389870314932689,15.684101478014359,0.42618130223597295,0.3216198825029185,0.7539619035967839,Needs Support
212,0.7535161581541547,12.721497330941197,0.4513870243296755,0.24907970168853455,0.8049067768414386,Needs Support
213,0.7215690076020804,10.48837139390285,0.16362382119166918,0.8246092688547519,0.0180065556004545,Competent
214,0.37941544756844786,9.413136454650834,0.7948095487499294,0.5678403390154562,0.962810357074026,Needs Support
215,0.7697433770780286,8.279628797773915,0.6936822257814886,0.24653103640438065,0.7266709920703233,Needs Support
216,0.3897992699974401,18.731524596460865,0.2207696127887604,0.9958930537358137,0.3047510953861333,Needs Support
217,0.4603197585274142,16.951149340179125,0.0823810456158427,0.24622444879709332,0.8293946648588469,Needs Support
218,0.7971931240944194,19.370484391997227,0.6804993020747131,0.7560281830868425,0.28152119841492995,Competent
219,0.7197063192377717,4.237350022739805,0.6545112142811352,0.9869431402107309,0.872753839566128,Needs Support
220,0.8793787283953425,15.155614553665597,0.2732595269982093,0.3913440833727405,0.11258039041193701,Independent Mastery
221,0.7260903138402748,18.89012822277868,0.9508635622504104,0.31379949494975695,0.7036859774607958,Needs Support
222,0.6546468826683773,5.262195190981883,0.15105789178090023,0.2971079515379431,0.5406984766449103,Competent
223,0.274939814262474,3.196932812601995,0.4323348010426019,0.4426201180540765,0.09653447019544081,Needs Support
224,0.49417264244754683,15.340171687221062,0.9436159201675989,0.2808366488085174,0.24189382825883898,Developing
225,0.4121618941453804,12.340516037238414,0.4197273169261223,0.7537290733553055,0.01240403627731479,Needs Support
226,0.39519171470326686,17.152917981648898,0.6385259476640855,0.24983343850405015,0.46876796546450583,Needs Support
227,0.9784084438019565,4.515902779273211,0.3975943979627943,0.6075377025198319,0.3012652607600004,Independent Mastery
228,0.5144781797334084,16.31481161347802,0.27421520234867003,0.9973574830823815,0.5983574842977588,Developing
229,0.9136372441416907,5.6292917608594015,0.9839776479598282,0.851176215604815,0.2972378077086172,Independent Mastery
230,0.7049109007978103,4.945806971582681,0.409334006315043,0.6921755505848087,0.2999191115069847,Competent
231,0.8358490428333187,4.9567843627578725,0.8940992036791344,0.4450028966292894,0.7431931987316034,Needs Support
232,0.6021096744841536,16.66234496416488,0.22995460589108618,0.6991166690333108,0.04814283597835345,Developing
233,0.6615231077010872,13.973549972531602,0.2131047040250833,0.6216331711293213,0.9028949951919872,Needs Support
234,0.5940141550550911,11.415177645844148,0.03113408288451136,0.5408667071122972,0.8522638743911815,Needs Support
235,0.35619439023843563,8.458948714223045,0.651666825375885,0.3045683013921596,0.6678046832264065,Needs Support
236,0.7779616922092043,17.78960973463595,0.36852634372376114,0.9092833721923734,0.5932215701073843,Competent
237,0.4246178899526847,9.064011933607437,0.864358249839637,0.559827719057058,0.8923024981396522,Needs Support
238,0.2194527731451631,16.698789910488387,0.47320990669155716,0.35569800945661206,0.18533017952871444,Needs Support
239,0.7163778367257343,9.904428354263931,0.9681934279147217,0.49420748070183174,0.07896916219082861,Competent
240,0.34168854352563915,8.784999729648337,0.18552551570312115,0.5313038020231416,0.2395101699095381,Needs Support
241,0.9523668674823316,10.328236142052916,0.8686231679556108,0.8620303164534995,0.7945782787001903,Needs Support
242,0.9631428616020699,7.424801734954557,0.7765968527917417,0.7868915044491216,0.03467026672648332,Independent Mastery
243,0.9318915121763589,15.45696884317252,0.770921844644052,0.8154439149130719,0.5828068350834896,Dependent Advanced
244,0.49612696020435554,11.048967021664625,0.8447832281168877,0.20882501154291777,0.9954375161913099,Needs Support
245,0.21236529322309394,6.179828512642711,0.7610239909429989,0.5329231985438092,0.8556960938375394,Needs Support
246,0.9426548500701804,18.19234231894223,0.6262203216314154,0.5850753213082589,0.5214456890435895,Dependent Advanced
247,0.5425473186538514,8.910041984717806,0.13124487768238757,0.21535382145844537,0.06364090928664234,Developing
248,0.9733238552349357,11.783951500051796,0.032526179491251916,0.4078505669960274,0.8313735143857098,Needs Support
249,0.9708959816714022,18.316497997361846,0.9208478478156868,0.808231858497708,0.5989785081772105,Dependent Advanced
250,0.882407564373888,13.236283926451858,0.616650314520738,0.30968776458319924,0.11493299705956683,Independent Mastery
251,0.4355591136556686,4.1041647327505535,0.7965372909761763,0.6282481051620734,0.0938572848233562,Needs Support
252,0.5080781828815402,18.916978225042552,0.4815223515125501,0.37216149761379,0.9096268194365924,Needs Support
253,0.8809093372134855,13.298744955285521,0.11730818896239448,0.20969661971511463,0.6692002629380784,Dependent Advanced
254,0.45353760412502214,8.02830106382755,0.12518579220255044,0.3929611660796332,0.8292867993167555,Needs Support
255,0.33559419734887397,4.506897307940971,0.6855652872289714,0.980699003928043,0.8789789002822673,Needs Support
256,0.6454410099666801,16.292453406865327,0.4303058948994627,0.8412296895063918,0.5717723520483222,Developing
257,0.9489238193286249,13.161309606713242,0.20052472670033672,0.9676613154568268,0.5174463517550413,Dependent Advanced
258,0.7568238373399785,11.602299655573788,0.4915945467414369,0.59028323514109,0.4304274103209902,Competent
259,0.6560489360714921,18.090066494917238,0.06420893707513409,0.28778895894200285,0.3169465877911193,Competent
260,0.2777411950166149,16.194749802041553,0.5819714019143988,0.6383675911789544,0.43459596085871177,Needs Support
261,0.6920057813593359,4.730147835189522,0.26899340443509767,0.5635018676479687,0.7738796557301564,Needs Support
262,0.9920430800834106,7.610997220319868,0.7975591006371882,0.8754856661916928,0.6019234310151316,Dependent Advanced
263,0.31206721218921923,6.472804516660384,0.31036195892357377,0.2784660646273957,0.8925232899548461,Needs Support
264,0.6146637218909894,15.391033266308185,0.4552201490818012,0.5905929096174225,0.4433800143791877,Developing
265,0.9018984575423643,2.603583825244029,0.011620539908100636,0.32003893175518744,0.607089578718754,Dependent Advanced
266,0.7926148942033635,12.258014327683698,0.07244688779455888,0.459740741512048,0.6313075530919887,Competent
267,0.7576125927962145,15.72425634333243,0.3924935564066848,0.7898856619102397,0.5916971623063255,Competent
268,0.7619872671896875,17.78178146171149,0.4799388347171235,0.5808145034950132,0.7026337730855163,Needs Support
269,0.48759292097580414,8.157471476886334,0.6000205481193037,0.5007106281166155,0.23743346837480628,Developing
270,0.4348734754115947,16.782631484096232,0.29166257870930323,0.5155810228560282,0.5123637775457907,Needs Support
271,0.847488924382811,3.99137126519373,0.6949818861265425,0.5675574147247893,0.10422480280834767,Independent Mastery
272,0.8480907157433446,17.236141251221326,0.8601223971892046,0.8280132350696456,0.38451132764481255,Independent Mastery
273,0.893657854864083,4.294795921975684,0.7798509888933498,0.9136677511521876,0.4876670686212644,Dependent Advanced
274,0.930592442045177,9.15117123008661,0.039618825348357145,0.9642677492031426,0.6522242595454725,Dependent Advanced
275,0.6090739190887502,16.351316584031963,0.48050694725782894,0.8295227090042361,0.9505310525862035,Needs Support
276,0.6012130357497597,4.698513692277928,0.10493017841817487,0.4523255165984102,0.6006510665483559,Developing
277,0.8386361431734202,6.1265251141875465,0.24204501586252747,0.7505077648692338,0.7435939161765598,Needs Support
278,0.7199711446222121,15.000546231075193,0.9866625932671464,0.5500824992443136,0.5062660594952028,Competent
279,0.7615735018061627,14.960657657829339,0.14249554290151323,0.40373649763684094,0.6341040313763313,Competent
280,0.8366341355488809,13.540657391935351,0.49888815345135606,0.8726972635407382,0.07093221613377343,Independent Mastery
281,0.912004273454053,14.4910720004078,0.6181557343181191,0.23074107916986,0.254391580841847,Independent Mastery
282,0.47039612548122867,11.769039980256732,0.702464970544104,0.9214095937083389,0.3618530932051387,Developing
283,0.5004663621119552,6.53238306032515,0.5596486834869141,0.5691819716997873,0.47249335500651357,Developing
284,0.2751855518726952,8.22252788307055,0.00977084741918366,0.7097611814466245,0.045648745502383736,Needs Support
285,0.6626241127969392,5.268758902425662,0.3264613082439919,0.7274831377646263,0.14002409755331768,Competent
286,0.22875381903739367,18.35211010400531,0.5177116433847114,0.9160941925652291,0.2768143077913058,Needs Support
287,0.5724784145059681,12.501052305790168,0.08786649914483335,0.7093357457337659,0.9715326909010507,Needs Support
288,0.6341157077660613,9.215325501745518,0.35062693120918076,0.6911468678080495,0.33134700710305076,Developing
289,0.42923300170262757,10.316104465594389,0.033203108791366565,0.253321632448552,0.48204105811208253,Needs Support
290,0.6726666084552086,19.051100113012676,0.07857849715502074,0.6147264175561633,0.19609771273839294,Competent
291,0.22440019995123955,4.760325256089444,0.39692327620159606,0.3201352006536333,0.6107800710757683,Needs Support
292,0.22987855099937154,12.55213697630235,0.13271575404306035,0.7899470149771886,0.2806832155159743,Needs Support
293,0.8580804485277267,11.105996219920387,0.5675408482615582,0.6097775366501397,0.20699257843842678,Independent Mastery
294,0.4881525131290103,13.006176237823661,0.6894649691372657,0.7441822233666826,0.5165726284459791,Developing
295,0.30164841012150784,2.325983308775129,0.8005866991090829,0.23333832048190742,0.005505799160420821,Needs Support
296,0.6177946080438435,17.698230360994728,0.2001502442448101,0.2678336128366426,0.0076640326492253275,Developing
297,0.8159948424788888,18.77812908470502,0.16748258225906976,0.7730587104501458,0.21906880910185778,Independent Mastery
298,0.3726568219974746,12.172397304605761,0.10456784033440025,0.2576674687989387,0.03672136250082114,Needs Support
299,0.6983123806552003,14.53971482978406,0.6364302495436367,0.2570053822122069,0.10802575413069138,Competent
300,0.2682779719950144,18.604988861191323,0.7064757264869012,0.20968678018790998,0.3388606493387516,Needs Support
301,0.24134537693488617,14.730295417641175,0.03158614482564204,0.9652011186395841,0.8025856795798129,Needs Support
302,0.6250837052545184,4.7457027724567045,0.9362122462436898,0.7900066875672056,0.5720486433693008,Developing
303,0.6325080972880852,12.373190483002638,0.05197128365147241,0.48260112680165135,0.5126677259564164,Developing
304,0.7099439211985652,12.920870834891407,0.5412963353010705,0.4372284650301242,0.29348882320812164,Competent
305,0.7808730669781292,9.634352083442948,0.7090605194509164,0.4797625837966797,0.9317537194328164,Needs Support
306,0.9806816635700277,15.255996241245011,0.8709691237460856,0.8197228249449455,0.39701504123719167,Independent Mastery
307,0.6130402786409563,18.818606265842266,0.7140869321324278,0.7290964888563316,0.08709276679577149,Developing
308,0.4583651783529968,18.660233232321975,0.8017280830697918,0.34815645429397435,0.6170665161178013,Developing
309,0.8361489558149631,10.115108685274379,0.33945019254280606,0.3392874682672675,0.11383839347660141,Independent Mastery
310,0.4166658010096594,4.038284825133594,0.8148251137465122,0.2787165197707179,0.3452231428016921,Needs Support
311,0.5511771365645088,19.727141581322023,0.08011484638467514,0.7282421757610706,0.5074119387178089,Developing
312,0.2627651050738128,17.100165556026816,0.8948166560605276,0.8114981297773889,0.8742225246851758,Needs Support
313,0.22028059473236603,4.243928261658803,0.5475923761537362,0.41203714266000324,0.49354658034011867,Needs Support
314,0.9701187317423401,18.5751538871127,0.8172977699624937,0.21675596882473025,0.7022587660316643,Needs Support
315,0.8687840964097646,17.65813451711831,0.45231828451830014,0.2657373339811419,0.9928168389990704,Needs Support
316,0.7567793648749583,11.339085028269299,0.643577695196525,0.9742880278760244,0.13148911989798162,Competent
317,0.527162355531416,12.642957843408727,0.5264026609361132,0.43635582198193623,0.2747315255195195,Developing
318,0.33863545605667666,9.182048669662345,0.7315895217553319,0.8153785182705069,0.3945760755976464,Needs Support
319,0.3251496341368688,2.985709498796564,0.08162998203058958,0.699730855083411,0.42182817853883137,Needs Support
320,0.4001943185316763,8.033550349626218,0.0603520839905638,0.5055517117223167,0.41102107526554577,Needs Support
321,0.6393813317648964,16.451362074764205,0.24710323401014644,0.36454980975644413,0.9076110025565549,Needs Support
322,0.77167673816005,2.0833764140828515,0.15954468011318834,0.2971091345275252,0.7140326444668564,Needs Support
323,0.728157901374185,8.002985090440596,0.8717835665922017,0.6920103744310933,0.6079052140907037,Competent
324,0.4239471175567543,9.16703648463698,0.21921398735804432,0.8197070245102305,0.3093727178627821,Needs Support
325,0.9638922245305552,11.673120852882612,0.9758652558191313,0.7151234028329045,0.8237903842212947,Needs Support
326,0.7903175333566148,18.55740109542969,0.33689579177110685,0.6242417065993267,0.9550605114849889,Needs Support
327,0.6434832420091205,8.234227898587303,0.18211791568869928,0.233560978745309,0.8211982825502265,Needs Support
328,0.6893765969874819,8.245157634132099,0.7896985071424791,0.9747910220755072,0.0015651051914729042,Competent
329,0.535680049942232,15.275022465975471,0.6587077755008761,0.8389713533236598,0.636401370183407,Developing
330,0.398184791600926,10.139922936016529,0.498195716453139,0.43425762936077184,0.051135381442100725,Needs Support
331,0.4847781429210093,6.042886812919676,0.5553635509376312,0.9839762634870806,0.25760722033372185,Developing
332,0.8062768883714952,10.14391129038848,0.7192017782722638,0.6815052717090577,0.059524700347771686,Independent Mastery
333,0.2115147909038047,4.535426366836397,0.22845474133129873,0.6659381265657972,0.6037954529493877,Needs Support
334,0.292858112405533,5.17496575711202,0.9963339160567419,0.7984585435436258,0.6865899134926068,Needs Support
335,0.23680211361740222,10.970619909310635,0.9747931621467831,0.84941583047211,0.11448763806590512,Needs Support
336,0.23258304185517611,9.540658091081863,0.6503256863469369,0.7251828858652021,0.3838388830449795,Needs Support
337,0.8843684672088059,18.4672262192258,0.19954245092914513,0.30247659709296004,0.456236508955542,Dependent Advanced
338,0.762926287504019,8.523090184099395,0.6802282424312913,0.47061400479559873,0.3690530217609166,Competent
339,0.5793390632698602,12.450590305004782,0.07219840897917584,0.9424669122608398,0.12102500048519305,Developing
340,0.2782673285208012,13.380757182551546,0.030652502205806065,0.37969248947508155,0.4189477901874754,Needs Support
341,0.5932927000934659,2.2357002185900052,0.2576828885112137,0.4977336190700107,0.7511780478084181,Needs Support
342,0.5787774166244526,13.94367269630079,0.4626229567393163,0.5456615063553568,0.07100766453325547,Developing
343,0.33856149592801216,5.2046474036555255,0.8682725054083805,0.5515239917555618,0.08018001408190345,Needs Support
344,0.5470813193903785,19.299265714450193,0.727169069766308,0.6903516659956204,0.3547712918359842,Developing
345,0.5188037875178988,4.675929099556033,0.742706521199981,0.9544606701957661,0.941725711618925,Needs Support
346,0.6926800784417733,9.463234227086428,0.42549333444807536,0.39255416946600397,0.668572646722914,Competent
347,0.708074920694115,3.5362940254155895,0.3459349925469629,0.2972011010407345,0.6786699566725648,Competent
348,0.23624320781763564,19.943736533227053,0.3710387629846027,0.3579763918879499,0.36191999083786497,Needs Support
349,0.499690091701177,11.039510185962367,0.9876495637360578,0.9095399201674157,0.5936607912085384,Developing
350,0.7006879325713891,12.716930311760787,0.04010919141248248,0.7166486501241649,0.010131184027743378,Competent
351,0.6025090068640702,3.207376592991695,0.8670314961224486,0.4287254313913281,0.6360960464095422,Developing
352,0.8851918729506578,15.4992884671852,0.5786754085723934,0.8527575511748939,0.9132869475762367,Needs Support
353,0.726954905295156,5.778300675720544,0.43861541918959046,0.8890959970907488,0.6125734683448192,Competent
354,0.3303475416651438,18.164977209932847,0.7252576604151365,0.8772114709522225,0.873698593466345,Needs Support
355,0.2564549979203439,5.692513528676129,0.48666894142470285,0.9351412269116437,0.7239730554660938,Needs Support
356,0.7139354225650525,5.432378971945998,0.8734232380816606,0.4017928161386893,0.12055841640369025,Competent
357,0.22120904843329747,2.657894021265708,0.9007018640112585,0.8040335429970227,0.9024533072858417,Needs Support
358,0.6686204650187706,10.497205011979986,0.4217209268734554,0.568431597819312,0.06644384435577488,Competent
359,0.9521841931399662,12.167140398727096,0.2768277972350516,0.8735988423120493,0.5339674725477638,Dependent Advanced
360,0.6603793423007032,3.1827555097103426,0.5923503285933622,0.7827925417292907,0.14213712379345766,Competent
361,0.5105359409652175,15.959497100510191,0.912363345616691,0.8211579571997798,0.011706610730904066,Developing
362,0.7146305747538826,10.159199025464497,0.21066218900566658,0.7249294701448572,0.422034260127639,Competent
363,0.5666023123932133,11.439024847896441,0.6229665835634828,0.3419430155757655,0.29504070765415624,Developing
364,0.636493431452748,9.933729444888106,0.6315602200925206,0.6360215351175507,0.486000493797603,Developing
365,0.9531718470212203,9.213735095755869,0.733113022415281,0.9877357916196066,0.5771998867345508,Dependent Advanced
366,0.5088821102406194,12.073525963547922,0.1315676851272598,0.9499104531976952,0.04373907230894736,Developing
367,0.9689524510591314,4.794324426752825,0.7158249646820886,0.23453898863760936,0.12300329512374564,Independent Mastery
368,0.9242805135648511,5.27470634891488,0.909032520665641,0.3318518525835497,0.5586423964504253,Dependent Advanced
369,0.3566329078314372,17.51214117824331,0.17968310887024197,0.30538301876364954,0.34316735317265823,Needs Support
370,0.2554890407001324,19.03007831840539,0.23754332492387764,0.7807839279882365,0.729173487549448,Needs Support
371,0.28062240110194137,8.719567693035554,0.9713950940416396,0.8542282638855561,0.6522916485919397,Needs Support
372,0.2145774605212398,6.873404116583968,0.18097695270948977,0.37080909304853754,0.8456043629899068,Needs Support
373,0.27555436860474275,13.591991778302283,0.8543850933695791,0.6046821543614632,0.6924928266692253,Needs Support
374,0.7464054187330855,9.357215079765735,0.4922778564480348,0.8725624224089601,0.42993107739014813,Competent
375,0.2569509187681832,2.4569544018862075,0.24723107440317704,0.7862412358130004,0.6729666223944324,Needs Support
376,0.45518050423500905,4.8107467525914265,0.8707499012725114,0.6337897643934787,0.2753811742554185,Developing
377,0.8759002487755636,14.887500119253156,0.4453052550026655,0.6722781523670183,0.3063134987782127,Independent Mastery
378,0.2186175485886607,13.860630954382724,0.5148173539296902,0.6066884375330239,0.7889851599207933,Needs Support
379,0.8515747860711487,2.487727865062703,0.3592333693997657,0.43803876105505646,0.4464195164015822,Dependent Advanced
380,0.42548381981871997,5.99549891479309,0.5929508514349274,0.6520175942872128,0.7983803405183525,Needs Support
381,0.294531862097325,6.159346338585285,0.16352387258502277,0.7511082416400725,0.8224223736682784,Needs Support
382,0.7573897322913206,14.09406938477711,0.3910815366517607,0.8986583326886461,0.8575623376612838,Needs Support
383,0.7031542774239072,2.3547896795785546,0.9694123223352875,0.7090330831833984,0.9166352358412073,Needs Support
384,0.9019776108216424,3.8739544757223294,0.25813343270112754,0.8088972296345265,0.43098522051329624,Dependent Advanced
385,0.7880568350431087,16.398489536717406,0.6567366645412922,0.3280573079636584,0.31886681832113883,Competent
386,0.8427847443078789,5.213803916978005,0.3251900642246949,0.569245979535832,0.5821987465941139,Dependent Advanced
387,0.4256276580570452,13.749429941333744,0.7734731256866006,0.20746529586167464,0.3711724234376276,Needs Support
388,0.34195163502377823,6.287290058841077,0.13087366071834983,0.3973430916172984,0.601074166800233,Needs Support
389,0.8004918013126867,3.789945069668213,0.9698210450785447,0.7811693720904038,0.7055858626438246,Needs Support
390,0.8454677914138113,6.377099437990173,0.45378954138363925,0.9934479610794908,0.6884050184921369,Dependent Advanced
391,0.9924041136005386,15.000804773401864,0.23605046334646396,0.27934247966977277,0.37455288702012135,Independent Mastery
392,0.5300941415291411,17.402536425913144,0.07349674733001266,0.5211954526890306,0.16686020169875282,Developing
393,0.49761446863422654,16.94395756220585,0.16975790508754074,0.8400567749593277,0.43052933846220753,Developing
394,0.8211303685935976,9.149303533132187,0.5197739485560177,0.3632285077031191,0.14259414408190874,Independent Mastery
395,0.4726428322024143,14.02553245827163,0.3370031764312863,0.644067959441829,0.8900970351838083,Needs Support
396,0.9446058604828518,5.689717317484778,0.8288833658826095,0.7864570368237398,0.3458774607378574,Independent Mastery
397,0.8867302014744094,7.276659144698239,0.43088752366180594,0.6927883602081433,0.15445974722332378,Independent Mastery
398,0.5431952219000147,18.134044733380154,0.2487142725876299,0.35041978769233295,0.025447759905750877,Developing
399,0.800696854233198,2.2340346231932484,0.61714498660403,0.48430765494859157,0.6458223862864843,Dependent Advanced
400,0.8036342992677459,3.5391535553804254,0.7067772168854458,0.8270334275883178,0.6369023174547432,Dependent Advanced
401,0.2824990950687461,5.741952592628492,0.16704190790094986,0.6433812113056133,0.34060416658129167,Needs Support
402,0.9220423253436534,2.4775796697287547,0.16761921628831766,0.2041836908343302,0.071711888847651,Independent Mastery
403,0.6042018979582857,5.265837831616352,0.03667142693354297,0.8087926080224752,0.409628894895232,Developing
404,0.8611659728861933,12.494748097454458,0.7364020150656405,0.22824908395219126,0.3112174950633936,Independent Mastery
405,0.4560396808244894,9.585641910664963,0.6638045276218051,0.7965870261849857,0.6771206397350094,Developing
406,0.9164185827969604,18.068090799385548,0.4746308757498139,0.36198444813218994,0.6057792494526903,Dependent Advanced
407,0.5113613429873305,16.713984111291936,0.8441704489691971,0.9664587840955041,0.36459372819754,Developing
408,0.2086701211842387,8.152712330561767,0.8056701529500532,0.4943526010416676,0.2178925542549901,Needs Support
409,0.9243055811354111,6.669621801763265,0.5853543643967521,0.4615452930704633,0.9880359661555919,Needs Support
410,0.2730293414289069,8.834463347010804,0.8682712805132586,0.31911044026595575,0.45400162119611487,Needs Support
411,0.4554509100723319,12.62530896526654,0.20584121003676825,0.44448337239217195,0.688274235780237,Developing
412,0.960049573640644,6.825145534811773,0.11191961939772788,0.9013206094625605,0.14055296757836078,Independent Mastery
413,0.960485717550045,13.234680341284413,0.2697496115169896,0.9970674701017979,0.4855896996593978,Dependent Advanced
414,0.658750310498629,9.369409739442329,0.05708685608931485,0.4946476244054787,0.027536719869465487,Competent
415,0.7054697697358394,11.936849255335645,0.531169528001032,0.558888504763634,0.50545511791045,Competent
416,0.5587564175826558,9.8502775244357,0.9366056922949615,0.7776567505621896,0.9640174071177023,Needs Support
417,0.43456861735845165,7.300383671754518,0.03934354066850965,0.9089566243720597,0.3842067129858002,Needs Support
418,0.4629316362959328,19.07215952531882,0.1221099140100268,0.6744354673494273,0.03899601257491159,Developing
419,0.7380147648616309,15.744904294875695,0.4521990282834353,0.5132205585422636,0.03095579091934353,Competent
420,0.8018996235501441,4.522037163796146,0.9338750175279049,0.530097472678899,0.3879867599468695,Independent Mastery
421,0.8332632349806788,17.63242356616243,0.3161561049767505,0.7564945171974455,0.16002493646319405,Independent Mastery
422,0.8316945142356431,10.773761568491246,0.5072348086883924,0.20257461088342296,0.023352096328185912,Independent Mastery
423,0.27296488243895234,18.101940084093645,0.0415728590503921,0.6956714699678725,0.7562136139501768,Needs Support
424,0.5955362437620653,16.397394607051673,0.14834320096208886,0.48439440835308595,0.4585230088818907,Developing
425,0.24604700801331544,9.653843080446201,0.9866301229588469,0.8353578650216675,0.2892447719726545,Needs Support
426,0.6396231058589885,2.4044475497621134,0.9651186964360455,0.27439251185850577,0.9000831830164807,Needs Support
427,0.5532244010987016,6.836192468929029,0.004939980934409616,0.6705618135587124,0.11613896020052561,Developing
428,0.9101633462066399,11.749415863895605,0.951811785423239,0.584778311908899,0.9559188289553192,Needs Support
429,0.480732010041663,13.40260795687065,0.6391199378155004,0.7138604207241819,0.3139667173773528,Developing
430,0.2936536131420847,6.641978337797641,0.8679182945200221,0.2518828755863747,0.8884036723086812,Needs Support
431,0.31439334564226873,4.508409333310834,0.4547398556338591,0.663987029942505,0.6029428764794615,Needs Support
432,0.8092085053739779,17.028744262387384,0.5155960285792502,0.6491876703676189,0.8267073597414875,Needs Support
433,0.6945744506530089,19.71923925266394,0.4888465802569202,0.6485280755329368,0.9840131632104643,Needs Support
434,0.28089814089823223,11.462423281448345,0.6668642575461043,0.6827901332771639,0.2884054378187457,Needs Support
435,0.26728544489199796,5.090227145269463,0.1396512547563129,0.7411743497810899,0.961135485407593,Needs Support
436,0.7607753051672961,6.901531877348641,0.029973589872677953,0.8439911997446159,0.38948189490242036,Competent
437,0.25821040509135484,2.331032177854401,0.3079299415911909,0.4158565761025715,0.3855119047369223,Needs Support
438,0.857488047432285,18.457378518088984,0.7046807627366467,0.8600395281440496,0.3403871042545057,Independent Mastery
439,0.764993781725197,4.11951949202254,0.20185345212294836,0.598604545810763,0.5414076073475852,Competent
440,0.26507902451351983,12.377296559256564,0.6734324333249173,0.26164662330746496,0.1541450431784871,Needs Support
441,0.26787017126815355,6.932993972369708,0.9699120461072704,0.24684074339518336,0.5537114853580112,Needs Support
442,0.9893116628009404,11.975204045284281,0.09390071578941839,0.4673906549568487,0.541704812410004,Dependent Advanced
443,0.49941663660489627,13.725566990333556,0.6726021182251263,0.8279175816891742,0.76190181260487,Needs Support
444,0.49651371765351276,16.93535246672963,0.44375021930457115,0.7661447477927326,0.8336499619375856,Needs Support
445,0.8502396538060022,5.7155828916908575,0.8681422543775054,0.8308919717379253,0.44044135031242404,Dependent Advanced
446,0.957798861907087,2.1979249158526484,0.1771497894473859,0.6138152451532874,0.30233324935149375,Independent Mastery
447,0.9888008510582968,4.463941341238531,0.6926259522261645,0.5521591983643925,0.25933489731709447,Independent Mastery
448,0.8027025482071533,18.20033555326589,0.8381152896481102,0.31796202136502716,0.19462383670487193,Independent Mastery
449,0.5010076684247327,17.730021396125274,0.9446142194740232,0.46255420288744925,0.05764758219902488,Developing
450,0.26680057335893503,12.75343583906555,0.6832480282896458,0.5472154929391002,0.34244797883471334,Needs Support
451,0.8217175327419495,12.80930348780576,0.4971747640084273,0.2708803437436938,0.27024769213078326,Independent Mastery
452,0.6467233997886441,13.9706601418326,0.6178472402012138,0.376489562168969,0.9664173858664074,Needs Support
453,0.5393776073975811,5.156683015222093,0.8689049844787182,0.6785802352509911,0.5577088262500439,Developing
454,0.9250835080757889,18.459415026649275,0.5706097466388297,0.788530491391352,0.34727703903050755,Independent Mastery
455,0.2889579858449211,9.537869448057316,0.03038705969683686,0.9986780091143597,0.580467600993696,Needs Support
456,0.5941000834326873,8.896493508490954,0.9309486955069778,0.9464906650748461,0.1391967013456955,Developing
457,0.20908291581393526,11.340518695091076,0.6895267510315611,0.7140521596281533,0.4440437492022029,Needs Support
458,0.5749285135953011,2.845387401950991,0.6765133857772465,0.5369984426352576,0.6262343214210638,Developing
459,0.24504262054546988,4.993100637609429,0.21567515239771717,0.7089418917665862,0.4888978317924514,Needs Support
460,0.29505433301445755,15.284605095674667,0.6588854702326572,0.8285212944641855,0.40177880065432425,Needs Support
461,0.2940209974216839,3.4903760226522764,0.3938644056541585,0.29466895273870986,0.9938483888996982,Needs Support
462,0.7193682416928509,12.856737970394988,0.6512329770414921,0.5279239117570307,0.880314762148927,Needs Support
463,0.7968359034123387,6.416283974263777,0.10659303030799072,0.8718418285084939,0.6234059581594401,Competent
464,0.6666950120777277,9.007321052755579,0.657845304603036,0.5070663615464353,0.5693773611822828,Competent
465,0.9697380387796335,7.196487261872598,0.9994137257706666,0.6574978169817493,0.620660479824584,Dependent Advanced
466,0.4998964636189633,8.402108896369084,0.04821203886055603,0.6702154886897587,0.20131210782243325,Developing
467,0.4285696690254886,14.942826293316418,0.9771741842213173,0.3475810025069115,0.3951377432643186,Needs Support
468,0.8948793025515682,7.348190881217151,0.4069079607228706,0.48978835332183074,0.03945953289089932,Independent Mastery
469,0.37887667081556214,12.195283525344149,0.8707534503372591,0.4676090309935457,0.47554603748682667,Needs Support
470,0.970578031552489,10.568907239583794,0.7823854840582735,0.22095736682565184,0.5430245839576632,Dependent Advanced
471,0.20972357975185307,13.946080976527666,0.5670162609866678,0.2193534111130842,0.2277497361032096,Needs Support
472,0.9759030613661113,18.862935307845643,0.7384492092513265,0.8653576349406189,0.9640288471655137,Needs Support
473,0.2345279295604609,15.186297749784504,0.8785155613013479,0.41845664797824994,0.909454610937242,Needs Support
474,0.912914490958457,5.868926814633622,0.404140321651033,0.6144630129910524,0.7221432354559059,Needs Support
475,0.6221608872690398,2.5612964311031243,0.3270331615632387,0.43898045887101844,0.5333866287653626,Developing
476,0.9943718368954404,6.720752797396852,0.6675933855635847,0.9525433960922725,0.869969159647685,Needs Support
477,0.2590372517883191,12.711402752604586,0.8078459419412586,0.407437407092619,0.1306523438234629,Needs Support
478,0.6430834275210566,2.925664642716506,0.7622851347766157,0.5437254501911482,0.790509794274885,Needs Support
479,0.9754420284952792,10.934592449622254,0.7978136488586345,0.8981842003876814,0.1248208139668483,Independent Mastery
480,0.6184782753361191,12.743171280504006,0.435583314812933,0.873546853433447,0.7942106625494054,Needs Support
481,0.70351891050821,8.016390034705296,0.8178342161750216,0.34888113427702183,0.27576756825135695,Competent
482,0.7565989511876938,15.876419667424795,0.12020905537060844,0.8421146478365684,0.8770905810181889,Needs Support
483,0.5636328518142186,3.9187685564078922,0.5444890979608495,0.5665495093903141,0.9440420938253978,Needs Support
484,0.7020464640672508,3.3524800712445577,0.0057586604981215705,0.5863750976682842,0.14879596940511564,Competent
485,0.6674514495384802,15.10739761166486,0.3245858299002703,0.306783977932755,0.4626756050653935,Competent
486,0.9209264083927913,10.918843691711572,0.3664615348713979,0.26448121100569977,0.9809873781626851,Needs Support
487,0.2363571042731663,14.391243135699249,0.3961726916092554,0.7823514455790122,0.4834074359731466,Needs Support
488,0.4247705516737843,9.826892094867432,0.6954672066898622,0.5971689218842398,0.8635475225145451,Needs Support
489,0.9603291872612469,6.435236598303923,0.38855810127034573,0.5494805620921437,0.5887315221313199,Dependent Advanced
490,0.912211027112733,16.743841718135595,0.44869362262253065,0.7836065829219174,0.37532990791960186,Independent Mastery
491,0.5645254022285704,16.389485821441625,0.23754413087432746,0.8124103191928878,0.2857835555258702,Developing
492,0.6961060782412294,14.504536475379682,0.3732517916293401,0.32712653413548287,0.20322309108608727,Competent
493,0.42190494638490617,6.898612470139328,0.22726962726315147,0.6881801195821131,0.7617981913776972,Needs Support
494,0.3504969277790091,12.624152003643568,0.07319592376844364,0.30828326582214843,0.3865405068230279,Needs Support
495,0.5709587239519858,8.497530144920482,0.6034485933813779,0.8011000688232366,0.5112754622007512,Developing
496,0.48268178242084225,3.6484773198794147,0.6682127985550163,0.7255641250137117,0.4923254800011819,Developing
497,0.6669248894806976,18.51164435832037,0.6194903460096145,0.9652916968667664,0.5772790292331312,Competent
498,0.2621877095719879,4.462735356541305,0.46349404380057235,0.255166413085137,0.8655771456245522,Needs Support
499,0.9795158461329332,19.104272368774446,0.3797857801792298,0.24564377692100348,0.9807393435834294,Needs Support
500,0.9889685955836824,10.028103913243203,0.8633336495718252,0.42574965975456014,0.40758420857381694,Dependent Advanced
